{
  "id": "d113d12159155e47194972e9817f724d",
  "title": "Mendelssohn Violin Concerto in E minor, Op. 64",
  "length": 720,
  "track": 1,
  "disc": 1,
  "album_id": 99,
  "artist_id": 99,
  "created_at": "2021-01-03T17:18:16.000000Z",
  "artist": {
    "id": 99,
    "name": "Hilary Hahn",
    "image": "http://localhost:8088/test/images/sample.png"
  },
  "album": {
    "id": 99,
    "artist_id": 99,
    "name": "Spectacular",
    "cover": "http://localhost:8088/test/images/sample.png",
    "created_at": "2020-12-27T18:28:25.000000Z",
    "is_compilation": false
  }
}
